{"cameraMode":{"drawMode":0,"name":"Shaded","section":"Shading Mode"},"sceneLighting":true,"audioPlay":false,"sceneViewState":{"m_AlwaysRefresh":false,"showFog":true,"showSkybox":true,"showFlares":true,"showImageEffects":true,"showParticleSystems":true,"showVisualEffectGraphs":true,"m_FxEnabled":true},"in2DMode":false,"pivot":{"x":12.854593276977539,"y":-11.442673683166504,"z":7.230626106262207},"rotation":{"x":0.4369431436061859,"y":-0.3353463113307953,"z":0.17911328375339509,"w":0.8154372572898865},"size":12.676589012145996,"orthographic":false}