{"cameraMode":{"drawMode":0,"name":"Shaded","section":"Shading Mode"},"sceneLighting":true,"audioPlay":false,"sceneViewState":{"m_AlwaysRefresh":false,"showFog":true,"showSkybox":true,"showFlares":true,"showImageEffects":true,"showParticleSystems":true,"showVisualEffectGraphs":true,"m_FxEnabled":true},"in2DMode":false,"pivot":{"x":21.358078002929689,"y":-7.652935028076172,"z":13.42486572265625},"rotation":{"x":-0.24568507075309754,"y":-0.40076544880867007,"z":0.11252772808074951,"w":-0.8755025863647461},"size":12.386266708374024,"orthographic":false}